,precision,recall,f1-score,support
0,0.07352941176470588,0.0037369207772795215,0.007112375533428165,1338.0
1,0.15212527964205816,0.03792526491912995,0.060714285714285714,1793.0
2,0.3585920312881936,0.641872675563334,0.46012702893436846,4571.0
3,0.2971897537925889,0.3296551724137931,0.31258174208736594,3625.0
4,0.15384615384615385,0.01893939393939394,0.03372681281618887,1584.0
5,0.0,0.0,0.0,2.0
accuracy,0.3277317432045226,0.3277317432045226,0.3277317432045226,0.3277317432045226
macro avg,0.17254710505561674,0.17202157126882178,0.14571037418093952,12913.0
weighted avg,0.25797818628886876,0.3277317432045226,0.26393168191558775,12913.0
